,precision,recall,f1-score,support
0.0,0.25589609205879,1.0,0.4075115667241223,2246.0
1.0,0.0,0.0,0.0,2671.0
2.0,0.0,0.0,0.0,681.0
3.0,0.0,0.0,0.0,934.0
4.0,0.0,0.0,0.0,2206.0
5.0,0.0,0.0,0.0,0.0
6.0,0.0,0.0,0.0,39.0
nan,1.0,1.0,1.0,8777.0
accuracy,0.627948046029395,0.627948046029395,0.627948046029395,0.627948046029395
macro avg,0.15698701150734876,0.25,0.17593894584051528,17554.0
weighted avg,0.5327414049654804,0.627948046029395,0.5521403086967288,17554.0
