{
  "model__learning_rate": 0.03206606576129129,
  "model__max_depth": 4,
  "model__n_estimators": 200,
  "model__subsample": 0.9859663519446669,
  "select__k": 64
}