{
  "Accuracy": 0.915041195631347,
  "F1_micro": 0.915041195631347,
  "Precision_micro": 0.915041195631347,
  "Recall_micro": 0.915041195631347
}