{
  "Accuracy": 0.9838213512589723,
  "F1_macro": 0.7564352997403762,
  "F1_weighted": 0.9857230895516863,
  "Precision_macro": 0.7398178312977907,
  "Precision_weighted": 0.9886595668401932,
  "Recall_macro": 0.7932514816026336,
  "Recall_weighted": 0.9838213512589723
}