{
  "Accuracy": 0.9744787512817591,
  "F1_macro": 0.7118169504805271,
  "F1_weighted": 0.9736562333592417,
  "Precision_macro": 0.7546320432390761,
  "Precision_weighted": 0.9742923825739974,
  "Recall_macro": 0.7069424041675478,
  "Recall_weighted": 0.9744787512817591
}