{
  "Accuracy": 0.9839352854050359,
  "F1_macro": 0.7511239045309104,
  "F1_weighted": 0.9835913323548829,
  "Precision_macro": 0.8245347408304243,
  "Precision_weighted": 0.9850911419430478,
  "Recall_macro": 0.7344394642814773,
  "Recall_weighted": 0.9839352854050359
}