{
  "Accuracy": 0.8932362521555853,
  "F1_micro": 0.8932362521555853,
  "Precision_micro": 0.8932362521555853,
  "Recall_micro": 0.8932362521555853
}