{
  "model__batch_size": 64,
  "model__lr": 0.0019254152592663122,
  "model__module__dropout": 0.19394695981496918,
  "model__module__hidden_dim": 64,
  "select__k": 64
}