{
  "Accuracy": 0.07758915346929475,
  "F1_macro": 0.024000845844787483,
  "F1_weighted": 0.011173231869864606,
  "Precision_macro": 0.012931525578215792,
  "Precision_weighted": 0.006020076736081774,
  "Recall_macro": 0.16666666666666666,
  "Recall_weighted": 0.07758915346929475
}