,precision,recall,f1-score,support
0,0.0,0.0,0.0,2246.0
1,0.0,0.0,0.0,2671.0
2,0.07758915346929475,1.0,0.1440050750687249,681.0
3,0.0,0.0,0.0,934.0
4,0.0,0.0,0.0,2206.0
6,0.0,0.0,0.0,39.0
accuracy,0.07758915346929475,0.07758915346929475,0.07758915346929475,0.07758915346929475
macro avg,0.012931525578215792,0.16666666666666666,0.024000845844787483,8777.0
weighted avg,0.006020076736081774,0.07758915346929475,0.011173231869864606,8777.0
