{
  "Accuracy": 0.9866697049105617,
  "F1_macro": 0.7669230006495795,
  "F1_weighted": 0.9882612369490753,
  "Precision_macro": 0.7490622168996383,
  "Precision_weighted": 0.9908267138761504,
  "Recall_macro": 0.8059198468248151,
  "Recall_weighted": 0.9866697049105617
}